timestamp,ip_count,request_rate,label
2024-01-01 00:00:00,538,979.6863150664861,1
2024-01-01 00:01:00,484,996.385061010742,1
2024-01-01 00:02:00,509,969.2556181143095,1
2024-01-01 00:03:00,539,971.2063410577186,1
2024-01-01 00:04:00,520,996.7522470453557,1
2024-01-01 00:05:00,510,1038.0094599680122,1
2024-01-01 00:06:00,514,1018.3893300625671,1
2024-01-01 00:07:00,545,1063.2178169486515,1
2024-01-01 00:08:00,477,1044.056510321346,1
2024-01-01 00:09:00,505,1026.5863668949933,1
2024-01-01 00:10:00,479,938.9661600032513,1
2024-01-01 00:11:00,492,1043.8715419146301,1
2024-01-01 00:12:00,483,945.6666094658898,1
2024-01-01 00:13:00,496,1085.5477652845825,1
2024-01-01 00:14:00,532,927.0056237362793,1
2024-01-01 00:15:00,528,1083.9539124182202,1
2024-01-01 00:16:00,503,982.3354914398928,1
2024-01-01 00:17:00,489,970.3789704361947,1
2024-01-01 00:18:00,509,981.8990560101792,1
2024-01-01 00:19:00,507,1015.8406505002016,1
2024-01-01 00:20:00,454,1046.052868699081,1
2024-01-01 00:21:00,490,992.9594236769638,1
2024-01-01 00:22:00,500,1069.059515217052,1
2024-01-01 00:23:00,537,969.499182669987,1
2024-01-01 00:24:00,481,1050.0716660320713,1
2024-01-01 00:25:00,493,1027.1112389100215,1
2024-01-01 00:26:00,483,1010.6559370428539,1
2024-01-01 00:27:00,522,984.9089329347064,1
2024-01-01 00:28:00,485,978.0904744183546,1
2024-01-01 00:29:00,531,985.5142518542407,1
2024-01-01 00:30:00,494,1000.4681563586371,1
2024-01-01 00:31:00,491,1039.396043530656,1
2024-01-01 00:32:00,489,995.8320823137111,1
2024-01-01 00:33:00,508,1078.3366357865739,1
2024-01-01 00:34:00,455,1015.1575558187703,1
2024-01-01 00:35:00,456,955.3570174279066,1
2024-01-01 00:36:00,462,956.779270090056,1
2024-01-01 00:37:00,480,912.7419816000514,1
2024-01-01 00:38:00,519,944.2393020034888,1
2024-01-01 00:39:00,516,967.5148519695072,1
2024-01-01 00:40:00,496,979.3161889235429,1
2024-01-01 00:41:00,536,1071.8441175239748,1
2024-01-01 00:42:00,514,1034.2629946550323,1
2024-01-01 00:43:00,475,952.1892233788524,1
2024-01-01 00:44:00,480,1023.0723098836654,1
2024-01-01 00:45:00,523,864.8789554567037,1
2024-01-01 00:46:00,515,914.1597579081738,1
2024-01-01 00:47:00,475,1062.8150149479873,1
2024-01-01 00:48:00,530,1066.33694660577,1
2024-01-01 00:49:00,512,955.8162053451667,1
2024-01-01 00:50:00,522,1034.6623962377425,1
2024-01-01 00:51:00,491,1019.7859276368872,1
2024-01-01 00:52:00,473,1030.4596581606854,1
2024-01-01 00:53:00,504,990.5920445290418,1
2024-01-01 00:54:00,511,960.4109290089053,1
2024-01-01 00:55:00,495,1079.2116759052049,1
2024-01-01 00:56:00,453,1026.2438543247,1
2024-01-01 00:57:00,530,968.6525251856692,1
2024-01-01 00:58:00,532,949.6599922784902,1
2024-01-01 00:59:00,505,1077.7002559649518,1
2024-01-01 01:00:00,525,1096.676995659884,1
2024-01-01 01:01:00,506,996.0325903602945,1
2024-01-01 01:02:00,520,1048.715350384862,1
2024-01-01 01:03:00,475,980.6913861563795,1
2024-01-01 01:04:00,506,959.0942369470013,1
2024-01-01 01:05:00,513,959.99089405194,1
2024-01-01 01:06:00,473,1090.125743687798,1
2024-01-01 01:07:00,537,1070.4239871095506,1
2024-01-01 01:08:00,489,1095.336481440877,1
2024-01-01 01:09:00,515,1062.2592089571453,1
2024-01-01 01:10:00,493,1019.9745552143955,1
2024-01-01 01:11:00,504,993.3870177167948,1
2024-01-01 01:12:00,502,868.2269698974725,1
2024-01-01 01:13:00,483,1008.6577720370069,1
2024-01-01 01:14:00,483,990.6464032606901,1
2024-01-01 01:15:00,484,987.7246514655334,1
2024-01-01 01:16:00,515,935.5721574650785,1
2024-01-01 01:17:00,496,1015.2891060973019,1
2024-01-01 01:18:00,491,1017.8925785763064,1
2024-01-01 01:19:00,499,1083.70987659234,1
2024-01-01 01:20:00,482,961.5580440141501,1
2024-01-01 01:21:00,488,1003.9415492205915,1
2024-01-01 01:22:00,472,1126.675439781527,1
2024-01-01 01:23:00,493,1011.4365113132558,1
2024-01-01 01:24:00,503,1033.8124807797371,1
2024-01-01 01:25:00,492,946.5441818879209,1
2024-01-01 01:26:00,492,983.6872664176847,1
2024-01-01 01:27:00,459,1046.9643357368989,1
2024-01-01 01:28:00,493,996.6379599876575,1
2024-01-01 01:29:00,530,1068.0317094780887,1
2024-01-01 01:30:00,539,1012.0920319887384,1
2024-01-01 01:31:00,465,1045.750710595779,1
2024-01-01 01:32:00,497,1071.0240782292806,1
2024-01-01 01:33:00,504,951.506819545233,1
2024-01-01 01:34:00,485,1033.2486016855225,1
2024-01-01 01:35:00,511,1000.2757174895037,1
2024-01-01 01:36:00,529,977.1261868706072,1
2024-01-01 01:37:00,480,982.1852334120869,1
2024-01-01 01:38:00,473,906.1649244580362,1
2024-01-01 01:39:00,569,1015.4111764443066,1
2024-01-01 01:40:00,497,962.37571064931,1
2024-01-01 01:41:00,533,1066.6966816052584,1
2024-01-01 01:42:00,505,950.5352682004225,1
2024-01-01 01:43:00,483,969.7581162932324,1
2024-01-01 01:44:00,489,1033.8695582679163,1
2024-01-01 01:45:00,507,984.0767447900031,1
2024-01-01 01:46:00,466,1051.430805992527,1
2024-01-01 01:47:00,483,1114.9962761354477,1
2024-01-01 01:48:00,520,968.4107191433924,1
2024-01-01 01:49:00,507,1021.334623171625,1
2024-01-01 01:50:00,506,981.1659538983329,1
2024-01-01 01:51:00,464,973.9180526055447,1
2024-01-01 01:52:00,518,1033.7470678686057,1
2024-01-01 01:53:00,480,994.5937932320982,1
2024-01-01 01:54:00,487,947.6801618378876,1
2024-01-01 01:55:00,472,946.5723376093088,1
2024-01-01 01:56:00,527,1012.7438432923527,1
2024-01-01 01:57:00,509,1003.4516725837121,1
2024-01-01 01:58:00,532,1057.0868645159135,1
2024-01-01 01:59:00,467,1052.6854806138306,1
2024-01-01 02:00:00,482,1024.9781290876115,1
2024-01-01 02:01:00,489,1012.0649689944427,1
2024-01-01 02:02:00,513,1003.2755717540258,1
2024-01-01 02:03:00,504,1034.9221404179439,1
2024-01-01 02:04:00,497,998.5038709658339,1
2024-01-01 02:05:00,486,973.7712746060748,1
2024-01-01 02:06:00,520,1022.3672855712399,1
2024-01-01 02:07:00,486,951.1008343061415,1
2024-01-01 02:08:00,485,1054.4868315743201,1
2024-01-01 02:09:00,494,988.63008119232,1
2024-01-01 02:10:00,485,965.9433394903745,1
2024-01-01 02:11:00,510,996.8830497754539,1
2024-01-01 02:12:00,488,1056.2272653465504,1
2024-01-01 02:13:00,529,1010.923891626335,1
2024-01-01 02:14:00,467,932.6775689692541,1
2024-01-01 02:15:00,458,992.3735389178539,1
2024-01-01 02:16:00,481,1103.9746984072658,1
2024-01-01 02:17:00,501,1024.4842614663946,1
2024-01-01 02:18:00,534,1008.8793381551321,1
2024-01-01 02:19:00,483,992.170730730176,1
2024-01-01 02:20:00,488,1042.0667456678739,1
2024-01-01 02:21:00,507,999.7984242611893,1
2024-01-01 02:22:00,484,917.1446385462455,1
2024-01-01 02:23:00,498,998.5303169879727,1
2024-01-01 02:24:00,491,921.0530030024438,1
2024-01-01 02:25:00,481,973.45438693406,1
2024-01-01 02:26:00,512,957.2149110634402,1
2024-01-01 02:27:00,492,984.0241181760301,1
2024-01-01 02:28:00,499,1048.8742272654185,1
2024-01-01 02:29:00,530,984.8957861181152,1
2024-01-01 02:30:00,489,978.6774783014197,1
2024-01-01 02:31:00,479,994.8785682343364,1
2024-01-01 02:32:00,506,967.1912589483164,1
2024-01-01 02:33:00,495,949.9617649210993,1
2024-01-01 02:34:00,563,1004.3892860827088,1
2024-01-01 02:35:00,481,1024.592213102878,1
2024-01-01 02:36:00,463,1021.9741947805603,1
2024-01-01 02:37:00,474,1123.7622565050413,1
2024-01-01 02:38:00,542,1005.9403156127001,1
2024-01-01 02:39:00,458,958.3829007478549,1
2024-01-01 02:40:00,473,1027.6793737949245,1
2024-01-01 02:41:00,484,968.0031922880767,1
2024-01-01 02:42:00,464,939.4517241008426,1
2024-01-01 02:43:00,457,1027.0595196958093,1
2024-01-01 02:44:00,513,988.9087816685488,1
2024-01-01 02:45:00,513,1090.9492938275955,1
2024-01-01 02:46:00,497,1018.8874633371353,1
2024-01-01 02:47:00,541,934.0274405774219,1
2024-01-01 02:48:00,487,1018.6194189316647,1
2024-01-01 02:49:00,475,1071.4025038755192,1
2024-01-01 02:50:00,460,1052.5337172679915,1
2024-01-01 02:51:00,472,956.9993968348681,1
2024-01-01 02:52:00,491,988.2609226152352,1
2024-01-01 02:53:00,469,950.6106666259361,1
2024-01-01 02:54:00,507,976.5314693281854,1
2024-01-01 02:55:00,507,967.4072188226096,1
2024-01-01 02:56:00,499,1001.5934935851126,1
2024-01-01 02:57:00,520,915.0739783044779,1
2024-01-01 02:58:00,466,1038.7381707450406,1
2024-01-01 02:59:00,502,1000.6772241384659,1
2024-01-01 03:00:00,533,890.2653195450274,1
2024-01-01 03:01:00,483,894.744210443603,1
2024-01-01 03:02:00,501,1072.456100474886,1
2024-01-01 03:03:00,453,1041.2943789413507,1
2024-01-01 03:04:00,515,940.1707764466415,1
2024-01-01 03:05:00,520,960.2995234467779,1
2024-01-01 03:06:00,542,950.9204174273825,1
2024-01-01 03:07:00,480,901.2564206073681,1
2024-01-01 03:08:00,478,980.5760982628943,1
2024-01-01 03:09:00,528,943.5135163334472,1
2024-01-01 03:10:00,481,974.2922941917691,1
2024-01-01 03:11:00,513,1063.3040634801473,1
2024-01-01 03:12:00,491,1000.3150184032435,1
2024-01-01 03:13:00,479,1026.2944997071484,1
2024-01-01 03:14:00,476,1106.1477209407308,1
2024-01-01 03:15:00,475,1060.6002736255705,1
2024-01-01 03:16:00,476,969.2370084385108,1
2024-01-01 03:17:00,532,916.9473070261882,1
2024-01-01 03:18:00,521,1022.9818664102006,1
2024-01-01 03:19:00,480,1031.2344560905913,1
2024-01-01 03:20:00,510,1014.9601646800592,1
2024-01-01 03:21:00,511,928.8675071907302,1
2024-01-01 03:22:00,515,1019.7080511255481,1
2024-01-01 03:23:00,456,1077.0806174591366,1
2024-01-01 03:24:00,494,1140.1551445678715,1
2024-01-01 03:25:00,525,988.8223758562348,1
2024-01-01 03:26:00,499,1084.1026545875877,1
2024-01-01 03:27:00,455,885.4657952313636,1
2024-01-01 03:28:00,512,1009.8832334888847,1
2024-01-01 03:29:00,478,971.795883127474,1
2024-01-01 03:30:00,500,978.5853441695355,1
2024-01-01 03:31:00,477,990.9133730384119,1
2024-01-01 03:32:00,494,941.808582007145,1
2024-01-01 03:33:00,526,973.923916510263,1
2024-01-01 03:34:00,526,1038.2446664258407,1
2024-01-01 03:35:00,498,944.0944121147578,1
2024-01-01 03:36:00,497,1018.3829251703402,1
2024-01-01 03:37:00,479,1001.4018355964029,1
2024-01-01 03:38:00,497,986.3940672798351,1
2024-01-01 03:39:00,498,997.6016186375737,1
2024-01-01 03:40:00,539,1004.3006301100643,1
2024-01-01 03:41:00,486,1040.303725253095,1
2024-01-01 03:42:00,484,1006.492504642183,1
2024-01-01 03:43:00,533,999.2797528328686,1
2024-01-01 03:44:00,467,974.1172686469602,1
2024-01-01 03:45:00,482,983.5310758141443,1
2024-01-01 03:46:00,478,1025.2978847011818,1
2024-01-01 03:47:00,494,944.8840687269317,1
2024-01-01 03:48:00,540,1034.7158349640085,1
2024-01-01 03:49:00,473,917.1823251949052,1
2024-01-01 03:50:00,514,1010.8988652761673,1
2024-01-01 03:51:00,463,1048.2055774646306,1
2024-01-01 03:52:00,433,1012.6793300280358,1
2024-01-01 03:53:00,513,1028.7046454793674,1
2024-01-01 03:54:00,479,978.5469242782077,1
2024-01-01 03:55:00,500,976.2709663067583,1
2024-01-01 03:56:00,479,955.1913178263702,1
2024-01-01 03:57:00,497,991.8207224783882,1
2024-01-01 03:58:00,510,1108.026578219349,1
2024-01-01 03:59:00,521,1039.8768923337861,1
2024-01-01 04:00:00,470,853.6902689257047,1
2024-01-01 04:01:00,485,994.6505976175748,1
2024-01-01 04:02:00,490,937.6730195104085,1
2024-01-01 04:03:00,474,1047.6994282256746,1
2024-01-01 04:04:00,479,1036.116279065224,1
2024-01-01 04:05:00,469,984.6517778170931,1
2024-01-01 04:06:00,537,978.5480471035629,1
2024-01-01 04:07:00,501,982.1778539953021,1
2024-01-01 04:08:00,565,957.1065760240939,1
2024-01-01 04:09:00,523,1018.0735755387157,1
2024-01-01 04:10:00,480,979.7696589012394,1
2024-01-01 04:11:00,504,914.1780372460846,1
2024-01-01 04:12:00,534,938.8070230205806,1
2024-01-01 04:13:00,509,992.0840329977258,1
2024-01-01 04:14:00,519,1026.6792288872145,1
2024-01-01 04:15:00,491,1070.9374283806028,1
2024-01-01 04:16:00,521,1014.8376768482592,1
2024-01-01 04:17:00,483,1040.3876008074014,1
2024-01-01 04:18:00,500,984.39754129123,1
2024-01-01 04:19:00,488,951.8785083067164,1
2024-01-01 04:20:00,487,945.6436458707857,1
2024-01-01 04:21:00,536,989.10802829228,1
2024-01-01 04:22:00,512,926.6011432663255,1
2024-01-01 04:23:00,504,982.601591506994,1
2024-01-01 04:24:00,526,993.1298940768038,1
2024-01-01 04:25:00,472,918.1198897403635,1
2024-01-01 04:26:00,497,980.5090564412181,1
2024-01-01 04:27:00,483,1043.0542210042136,1
2024-01-01 04:28:00,499,989.2730799362829,1
2024-01-01 04:29:00,479,1036.2917962291256,1
2024-01-01 04:30:00,478,1010.52066467922,1
2024-01-01 04:31:00,489,1019.6599346868563,1
2024-01-01 04:32:00,498,1032.842629940688,1
2024-01-01 04:33:00,535,1028.6190642043314,1
2024-01-01 04:34:00,500,1008.0830527949597,1
2024-01-01 04:35:00,452,973.119279903889,1
2024-01-01 04:36:00,517,991.8257232066447,1
2024-01-01 04:37:00,482,982.1000792367277,1
2024-01-01 04:38:00,490,997.9012884089649,1
2024-01-01 04:39:00,507,974.0111737558693,1
2024-01-01 04:40:00,500,931.9965147259454,1
2024-01-01 04:41:00,507,962.3194937117545,1
2024-01-01 04:42:00,538,991.868838156126,1
2024-01-01 04:43:00,480,949.078100001476,1
2024-01-01 04:44:00,500,974.9899806535313,1
2024-01-01 04:45:00,505,919.8432552219666,1
2024-01-01 04:46:00,470,1091.4197356265558,1
2024-01-01 04:47:00,506,966.1867918666716,1
2024-01-01 04:48:00,473,1016.0474840873263,1
2024-01-01 04:49:00,495,1014.5622420804557,1
2024-01-01 04:50:00,521,1000.4238927614437,1
2024-01-01 04:51:00,509,1019.8684941501639,1
2024-01-01 04:52:00,492,963.7092860581832,1
2024-01-01 04:53:00,497,1074.7642132490157,1
2024-01-01 04:54:00,497,1000.9470626606868,1
2024-01-01 04:55:00,505,1060.0919559315962,1
2024-01-01 04:56:00,487,1112.097290063085,1
2024-01-01 04:57:00,498,1038.4844238199905,1
2024-01-01 04:58:00,495,980.9991226449202,1
2024-01-01 04:59:00,441,970.1672631292922,1
2024-01-01 05:00:00,513,982.881652091445,1
2024-01-01 05:01:00,487,1051.652573225651,1
2024-01-01 05:02:00,472,1077.327104078279,1
2024-01-01 05:03:00,520,1006.029601814477,1
2024-01-01 05:04:00,495,1001.2731394293407,1
2024-01-01 05:05:00,534,1110.5669668415737,1
2024-01-01 05:06:00,475,1052.2611443015226,1
2024-01-01 05:07:00,483,914.2629042805988,1
2024-01-01 05:08:00,506,973.2683350101692,1
2024-01-01 05:09:00,491,1094.7405225650848,1
2024-01-01 05:10:00,529,1005.0415191345373,1
2024-01-01 05:11:00,479,1094.746248850732,1
2024-01-01 05:12:00,514,1024.0238475610947,1
2024-01-01 05:13:00,486,1038.8829868812902,1
2024-01-01 05:14:00,480,948.815889347993,1
2024-01-01 05:15:00,491,956.5640119695735,1
2024-01-01 05:16:00,468,1036.9283961373949,1
2024-01-01 05:17:00,514,1069.528362575167,1
2024-01-01 05:18:00,481,1014.2874942799691,1
2024-01-01 05:19:00,502,1018.7053531262169,1
2024-01-01 05:20:00,517,896.1246842902781,1
2024-01-01 05:21:00,521,987.4956372319597,1
2024-01-01 05:22:00,501,980.3314272186398,1
2024-01-01 05:23:00,540,891.8129779880804,1
2024-01-01 05:24:00,488,964.3495800630511,1
2024-01-01 05:25:00,520,922.1238285560394,1
2024-01-01 05:26:00,509,1020.334734743122,1
2024-01-01 05:27:00,473,1025.5469354600855,1
2024-01-01 05:28:00,513,988.078548159076,1
2024-01-01 05:29:00,516,1055.7299579535231,1
2024-01-01 05:30:00,491,1039.8654708879667,1
2024-01-01 05:31:00,532,1050.539554474422,1
2024-01-01 05:32:00,476,960.1439167071685,1
2024-01-01 05:33:00,517,1053.8407755445485,1
2024-01-01 05:34:00,479,1105.5656721530488,1
2024-01-01 05:35:00,510,1015.6254101380653,1
2024-01-01 05:36:00,518,1000.5955404185075,1
2024-01-01 05:37:00,508,992.2483827678784,1
2024-01-01 05:38:00,474,927.4026028597784,1
2024-01-01 05:39:00,503,1032.215695740995,1
2024-01-01 05:40:00,497,1012.1287956095563,1
2024-01-01 05:41:00,509,924.15903084516,1
2024-01-01 05:42:00,496,971.6057307587733,1
2024-01-01 05:43:00,438,956.7200547754693,1
2024-01-01 05:44:00,489,1030.1163287885545,1
2024-01-01 05:45:00,510,978.752598956628,1
2024-01-01 05:46:00,494,1007.6863218616071,1
2024-01-01 05:47:00,490,978.4059000556742,1
2024-01-01 05:48:00,459,1008.8103059566455,1
2024-01-01 05:49:00,519,923.5506963863071,1
2024-01-01 05:50:00,486,974.53142953202,1
2024-01-01 05:51:00,539,994.4292588599737,1
2024-01-01 05:52:00,496,968.0475077387829,1
2024-01-01 05:53:00,502,1014.7363950770676,1
2024-01-01 05:54:00,544,1061.6761289321278,1
2024-01-01 05:55:00,498,1007.531919327288,1
2024-01-01 05:56:00,501,1016.9975214316373,1
2024-01-01 05:57:00,504,1020.6787784108449,1
2024-01-01 05:58:00,518,932.0542774065402,1
2024-01-01 05:59:00,477,964.6864062772225,1
2024-01-01 06:00:00,490,1028.528193174079,1
2024-01-01 06:01:00,450,1036.18614397322,1
2024-01-01 06:02:00,514,1008.9922573076816,1
2024-01-01 06:03:00,474,965.9579201761079,1
2024-01-01 06:04:00,494,951.6499469012306,1
2024-01-01 06:05:00,484,975.1497871019808,1
2024-01-01 06:06:00,470,1025.2991033879532,1
2024-01-01 06:07:00,511,964.3152394520991,1
2024-01-01 06:08:00,515,999.735984987995,1
2024-01-01 06:09:00,465,1034.00618992219,1
2024-01-01 06:10:00,525,1034.327523919817,1
2024-01-01 06:11:00,453,996.8774659857778,1
2024-01-01 06:12:00,522,966.0419625321455,1
2024-01-01 06:13:00,531,983.1085510783616,1
2024-01-01 06:14:00,524,968.713460023881,1
2024-01-01 06:15:00,512,960.3351824505207,1
2024-01-01 06:16:00,482,1007.1046845212345,1
2024-01-01 06:17:00,487,1045.6425972297836,1
2024-01-01 06:18:00,546,1058.1538810906943,1
2024-01-01 06:19:00,480,1068.7533359118968,1
2024-01-01 06:20:00,490,1020.312398702492,1
2024-01-01 06:21:00,497,950.0946097673146,1
2024-01-01 06:22:00,504,1009.2138261691848,1
2024-01-01 06:23:00,506,958.9722691637828,1
2024-01-01 06:24:00,491,996.5811033029661,1
2024-01-01 06:25:00,478,987.2795272519446,1
2024-01-01 06:26:00,522,982.605054850734,1
2024-01-01 06:27:00,526,1064.7344867375377,1
2024-01-01 06:28:00,504,977.9219231316438,1
2024-01-01 06:29:00,481,1103.1480722462027,1
2024-01-01 06:30:00,462,1007.2206402078749,1
2024-01-01 06:31:00,513,967.9865722906577,1
2024-01-01 06:32:00,525,1037.065193587388,1
2024-01-01 06:33:00,505,1007.9746090753491,1
2024-01-01 06:34:00,488,924.4550615722711,1
2024-01-01 06:35:00,485,966.2556049805542,1
2024-01-01 06:36:00,477,853.1536793564135,1
2024-01-01 06:37:00,516,926.2531149718448,1
2024-01-01 06:38:00,520,1048.34107844532,1
2024-01-01 06:39:00,485,920.4728232922548,1
2024-01-01 06:40:00,513,1028.0381129702719,1
2024-01-01 06:41:00,505,938.8703619026466,1
2024-01-01 06:42:00,531,942.8135365433909,1
2024-01-01 06:43:00,557,999.5074510563935,1
2024-01-01 06:44:00,474,938.8943907885006,1
2024-01-01 06:45:00,484,1042.4581259191748,1
2024-01-01 06:46:00,518,1006.02205243212,1
2024-01-01 06:47:00,477,992.4191481219856,1
2024-01-01 06:48:00,512,990.7334383046949,1
2024-01-01 06:49:00,478,897.7691852534822,1
2024-01-01 06:50:00,502,996.1494919974153,1
2024-01-01 06:51:00,439,1002.686088048276,1
2024-01-01 06:52:00,508,950.981004303254,1
2024-01-01 06:53:00,495,1103.2674687351996,1
2024-01-01 06:54:00,452,1014.5352722997596,1
2024-01-01 06:55:00,518,1038.997524974901,1
2024-01-01 06:56:00,487,1021.0675381338306,1
2024-01-01 06:57:00,475,1012.319246214134,1
2024-01-01 06:58:00,513,963.0829188154356,1
2024-01-01 06:59:00,485,1048.8795443410663,1
2024-01-01 07:00:00,478,1008.2643100806172,1
2024-01-01 07:01:00,478,949.0041593510143,1
2024-01-01 07:02:00,490,999.6956127508703,1
2024-01-01 07:03:00,474,951.3072873109292,1
2024-01-01 07:04:00,504,972.4508077315556,1
2024-01-01 07:05:00,478,994.6242427815231,1
2024-01-01 07:06:00,524,1038.165334204601,1
2024-01-01 07:07:00,528,903.081670998891,1
2024-01-01 07:08:00,538,964.4878487301327,1
2024-01-01 07:09:00,538,950.6410955045186,1
2024-01-01 07:10:00,464,922.2975511076307,1
2024-01-01 07:11:00,524,1047.7058949043096,1
2024-01-01 07:12:00,479,946.7990595140931,1
2024-01-01 07:13:00,475,994.738153595158,1
2024-01-01 07:14:00,477,963.4045043721019,1
2024-01-01 07:15:00,491,976.1011543918306,1
2024-01-01 07:16:00,526,974.7166586456021,1
2024-01-01 07:17:00,537,1006.0194349373085,1
2024-01-01 07:18:00,511,915.9439330010911,1
2024-01-01 07:19:00,485,1070.7709325979818,1
2024-01-01 07:20:00,450,977.2340235632122,1
2024-01-01 07:21:00,516,1056.5238836301464,1
2024-01-01 07:22:00,523,925.8229322827867,1
2024-01-01 07:23:00,472,1096.3351790434751,1
2024-01-01 07:24:00,522,992.7845896567345,1
2024-01-01 07:25:00,527,984.0366293114007,1
2024-01-01 07:26:00,493,959.8439875660756,1
2024-01-01 07:27:00,483,1052.5708918748232,1
2024-01-01 07:28:00,490,1029.4301796444895,1
2024-01-01 07:29:00,495,1059.035541999559,1
2024-01-01 07:30:00,463,997.7042562789461,1
2024-01-01 07:31:00,529,1030.4364085378893,1
2024-01-01 07:32:00,471,1014.9212827584308,1
2024-01-01 07:33:00,461,881.3559341680618,1
2024-01-01 07:34:00,528,998.2448671145909,1
2024-01-01 07:35:00,521,1024.1931911459947,1
2024-01-01 07:36:00,490,944.5170605874822,1
2024-01-01 07:37:00,489,1015.860366576245,1
2024-01-01 07:38:00,520,989.3065850931932,1
2024-01-01 07:39:00,477,1036.3981012451354,1
2024-01-01 07:40:00,498,1014.4362484066446,1
2024-01-01 07:41:00,500,950.4574014768391,1
2024-01-01 07:42:00,512,1016.8183576028637,1
2024-01-01 07:43:00,508,1020.6092996260921,1
2024-01-01 07:44:00,495,933.359319895315,1
2024-01-01 07:45:00,508,913.3063771974381,1
2024-01-01 07:46:00,539,956.396177830417,1
2024-01-01 07:47:00,508,1003.4350628275753,1
2024-01-01 07:48:00,469,1001.8974841851693,1
2024-01-01 07:49:00,493,1060.973137585294,1
2024-01-01 07:50:00,525,964.8007753626607,1
2024-01-01 07:51:00,459,944.4032797042959,1
2024-01-01 07:52:00,490,1015.3189584597806,1
2024-01-01 07:53:00,468,1006.277060808069,1
2024-01-01 07:54:00,500,1014.490967624341,1
2024-01-01 07:55:00,481,930.3286495382886,1
2024-01-01 07:56:00,519,1026.6249873781353,1
2024-01-01 07:57:00,532,1060.619239611843,1
2024-01-01 07:58:00,502,1005.9834109845025,1
2024-01-01 07:59:00,485,1071.7730876765524,1
2024-01-01 08:00:00,505,977.572551391727,1
2024-01-01 08:01:00,493,931.1241705951905,1
2024-01-01 08:02:00,523,980.0077259966243,1
2024-01-01 08:03:00,538,975.872618487704,1
2024-01-01 08:04:00,506,957.7795295472579,1
2024-01-01 08:05:00,494,1076.6536004246534,1
2024-01-01 08:06:00,440,928.4379195735803,1
2024-01-01 08:07:00,481,1012.4090497537004,1
2024-01-01 08:08:00,481,948.1027171745867,1
2024-01-01 08:09:00,521,986.6925359528856,1
2024-01-01 08:10:00,523,959.0243064934738,1
2024-01-01 08:11:00,516,966.2267989594895,1
2024-01-01 08:12:00,480,1006.9005137130774,1
2024-01-01 08:13:00,489,1031.6734802889055,1
2024-01-01 08:14:00,496,1013.6599060918005,1
2024-01-01 08:15:00,513,1084.0579838538795,1
2024-01-01 08:16:00,507,1012.8347854337837,1
2024-01-01 08:17:00,507,1016.0126445441438,1
2024-01-01 08:18:00,511,1045.3156537395414,1
2024-01-01 08:19:00,492,974.3673287402808,1
2024-01-01 08:20:00,487,1006.475058917677,1
2024-01-01 08:21:00,490,1117.6634348011053,1
2024-01-01 08:22:00,484,933.2093037072627,1
2024-01-01 08:23:00,470,1040.401688697398,1
2024-01-01 08:24:00,501,970.9900363711778,1
2024-01-01 08:25:00,518,1024.1216296205678,1
2024-01-01 08:26:00,485,1009.8474413693962,1
2024-01-01 08:27:00,500,1004.1227311972956,1
2024-01-01 08:28:00,480,944.4565841767181,1
2024-01-01 08:29:00,512,1027.8029167145967,1
2024-01-01 08:30:00,528,877.8935718907298,1
2024-01-01 08:31:00,487,970.5589179781341,1
2024-01-01 08:32:00,507,1087.6835185020866,1
2024-01-01 08:33:00,492,932.843925810187,1
2024-01-01 08:34:00,496,955.5225373234911,1
2024-01-01 08:35:00,506,949.7947592462077,1
2024-01-01 08:36:00,462,937.6643147329777,1
2024-01-01 08:37:00,471,1001.393723552751,1
2024-01-01 08:38:00,495,991.3747578667856,1
2024-01-01 08:39:00,497,944.239219970069,1
2024-01-01 08:40:00,494,1033.670201797041,1
2024-01-01 08:41:00,505,989.247378590735,1
2024-01-01 08:42:00,503,1064.7943873057516,1
2024-01-01 08:43:00,461,956.9672023108676,1
2024-01-01 08:44:00,482,977.8792222733266,1
2024-01-01 08:45:00,493,953.9685817076647,1
2024-01-01 08:46:00,469,940.7580477384421,1
2024-01-01 08:47:00,508,995.7983633891386,1
2024-01-01 08:48:00,478,983.498479579735,1
2024-01-01 08:49:00,498,1017.8374425913665,1
2024-01-01 08:50:00,480,1065.5029366887436,1
2024-01-01 08:51:00,545,1011.7131868596422,1
2024-01-01 08:52:00,541,1012.4279801814516,1
2024-01-01 08:53:00,513,1030.049629543557,1
2024-01-01 08:54:00,542,964.9071989932905,1
2024-01-01 08:55:00,486,1019.4480408408571,1
2024-01-01 08:56:00,443,1039.7451864872583,1
2024-01-01 08:57:00,503,1023.2384744033684,1
2024-01-01 08:58:00,517,1003.5485493055713,1
2024-01-01 08:59:00,521,1073.5037665157138,1
2024-01-01 09:00:00,495,1098.5921289003861,1
2024-01-01 09:01:00,470,968.4454715577302,1
2024-01-01 09:02:00,466,1030.7524007942957,1
2024-01-01 09:03:00,495,983.9298684964668,1
2024-01-01 09:04:00,495,937.853903274998,1
2024-01-01 09:05:00,462,992.9627798820064,1
2024-01-01 09:06:00,493,1035.3871213546029,1
2024-01-01 09:07:00,491,1048.4680461522719,1
2024-01-01 09:08:00,517,1036.5000658284766,1
2024-01-01 09:09:00,532,931.4932675490363,1
2024-01-01 09:10:00,513,1008.9848262763965,1
2024-01-01 09:11:00,487,1038.8976749645908,1
2024-01-01 09:12:00,518,1007.7990433135526,1
2024-01-01 09:13:00,543,978.3148304447802,1
2024-01-01 09:14:00,470,1061.5226649079852,1
2024-01-01 09:15:00,511,1013.7222634493899,1
2024-01-01 09:16:00,517,1015.0263980443367,1
2024-01-01 09:17:00,527,1067.491740829915,1
2024-01-01 09:18:00,525,1053.3058256185172,1
2024-01-01 09:19:00,502,1006.0512766960426,1
2024-01-01 09:20:00,503,834.1208336954788,1
2024-01-01 09:21:00,475,887.1715102120289,1
2024-01-01 09:22:00,496,958.8277870291498,1
2024-01-01 09:23:00,546,951.3166531861079,1
2024-01-01 09:24:00,501,1041.2125191288387,1
2024-01-01 09:25:00,552,1008.7386156574909,1
2024-01-01 09:26:00,497,981.6201536927291,1
2024-01-01 09:27:00,526,1031.5822041241397,1
2024-01-01 09:28:00,486,938.9390186872067,1
2024-01-01 09:29:00,486,941.4413448641624,1
2024-01-01 09:30:00,481,979.3986342770231,1
2024-01-01 09:31:00,502,972.1430928418941,1
2024-01-01 09:32:00,487,929.9129878545994,1
2024-01-01 09:33:00,518,1006.0584064530602,1
2024-01-01 09:34:00,491,989.9680065831883,1
2024-01-01 09:35:00,455,1077.0432691799651,1
2024-01-01 09:36:00,474,1002.231230501193,1
2024-01-01 09:37:00,524,986.4173964642814,1
2024-01-01 09:38:00,472,1051.7478245528662,1
2024-01-01 09:39:00,505,1089.1899548607887,1
2024-01-01 09:40:00,496,1031.561425371217,1
2024-01-01 09:41:00,506,985.9116333446084,1
2024-01-01 09:42:00,533,1048.4736245398617,1
2024-01-01 09:43:00,491,979.2713826053567,1
2024-01-01 09:44:00,511,1010.676431129185,1
2024-01-01 09:45:00,495,972.3576196975386,1
2024-01-01 09:46:00,530,1004.3938340712768,1
2024-01-01 09:47:00,479,1014.7776097043119,1
2024-01-01 09:48:00,530,1087.7562337211903,1
2024-01-01 09:49:00,476,979.5085622952703,1
2024-01-01 09:50:00,497,1013.2083222657534,1
2024-01-01 09:51:00,506,1028.5643789279247,1
2024-01-01 09:52:00,505,912.1546450324403,1
2024-01-01 09:53:00,517,1090.8198663521082,1
2024-01-01 09:54:00,511,1036.5365311144874,1
2024-01-01 09:55:00,537,1017.6500549927966,1
2024-01-01 09:56:00,493,982.0345536322303,1
2024-01-01 09:57:00,525,995.3679131372841,1
2024-01-01 09:58:00,501,1039.218985426663,1
2024-01-01 09:59:00,532,981.6243646645298,1
2024-01-01 10:00:00,546,941.7954140479434,1
2024-01-01 10:01:00,509,1015.4680595488287,1
2024-01-01 10:02:00,511,974.1599359083446,1
2024-01-01 10:03:00,506,949.7570689995308,1
2024-01-01 10:04:00,483,1042.2181647238272,1
2024-01-01 10:05:00,490,970.8540678969277,1
2024-01-01 10:06:00,463,1032.2379651845526,1
2024-01-01 10:07:00,495,911.737805292709,1
2024-01-01 10:08:00,474,1071.3823802772245,1
2024-01-01 10:09:00,494,923.1414374168933,1
2024-01-01 10:10:00,514,965.787311728744,1
2024-01-01 10:11:00,516,971.8121622094776,1
2024-01-01 10:12:00,456,1009.4998526855488,1
2024-01-01 10:13:00,493,1030.0491986824911,1
2024-01-01 10:14:00,515,1041.4507020404699,1
2024-01-01 10:15:00,486,1022.3550400875566,1
2024-01-01 10:16:00,525,1109.329660273832,1
2024-01-01 10:17:00,517,1072.3638814821843,1
2024-01-01 10:18:00,514,1000.9812314078077,1
2024-01-01 10:19:00,454,1001.5639514250071,1
2024-01-01 10:20:00,536,977.2404082116585,1
2024-01-01 10:21:00,530,994.012965006888,1
2024-01-01 10:22:00,518,977.0157013736111,1
2024-01-01 10:23:00,474,906.2354650617149,1
2024-01-01 10:24:00,523,1016.6212375008962,1
2024-01-01 10:25:00,497,1019.211175142622,1
2024-01-01 10:26:00,451,1065.2535867200538,1
2024-01-01 10:27:00,510,1002.9213641426711,1
2024-01-01 10:28:00,523,994.0300478051267,1
2024-01-01 10:29:00,535,1000.9003082326439,1
2024-01-01 10:30:00,496,968.3876445611286,1
2024-01-01 10:31:00,454,958.8200889319895,1
2024-01-01 10:32:00,486,965.617800749288,1
2024-01-01 10:33:00,482,1047.701806086423,1
2024-01-01 10:34:00,474,955.2385180503696,1
2024-01-01 10:35:00,516,907.4811668707035,1
2024-01-01 10:36:00,483,1003.7560384731402,1
2024-01-01 10:37:00,508,1035.5809657217224,1
2024-01-01 10:38:00,506,968.947316265277,1
2024-01-01 10:39:00,509,942.4002996462335,1
2024-01-01 10:40:00,495,994.962593646144,1
2024-01-01 10:41:00,445,1059.9873526061967,1
2024-01-01 10:42:00,530,944.9921270845482,1
2024-01-01 10:43:00,553,970.6231607411871,1
2024-01-01 10:44:00,473,1059.9507830458735,1
2024-01-01 10:45:00,507,1090.2768549128923,1
2024-01-01 10:46:00,529,1054.782495134362,1
2024-01-01 10:47:00,463,905.8687803969146,1
2024-01-01 10:48:00,503,992.6001064058318,1
2024-01-01 10:49:00,514,1008.5360533965307,1
2024-01-01 10:50:00,485,934.4882015465915,1
2024-01-01 10:51:00,525,986.4449364582156,1
2024-01-01 10:52:00,520,1025.3252428681203,1
2024-01-01 10:53:00,505,1035.4514091265858,1
2024-01-01 10:54:00,474,1008.8926801483329,1
2024-01-01 10:55:00,491,1000.4831803281637,1
2024-01-01 10:56:00,504,998.075951736427,1
2024-01-01 10:57:00,476,1001.9126030465175,1
2024-01-01 10:58:00,515,973.7358934226079,1
2024-01-01 10:59:00,515,1017.4241882098901,1
2024-01-01 11:00:00,510,951.3918632953098,1
2024-01-01 11:01:00,520,1117.7395443112057,1
2024-01-01 11:02:00,509,971.356192784462,1
2024-01-01 11:03:00,527,966.9008103852522,1
2024-01-01 11:04:00,509,1041.7868767315526,1
2024-01-01 11:05:00,485,1028.6384403456582,1
2024-01-01 11:06:00,502,990.1783828638494,1
2024-01-01 11:07:00,559,995.7436627113631,1
2024-01-01 11:08:00,502,1071.11445992141,1
2024-01-01 11:09:00,510,1012.7175174545938,1
2024-01-01 11:10:00,485,972.590818920481,1
2024-01-01 11:11:00,468,987.8603003194036,1
2024-01-01 11:12:00,480,1053.3487544561365,1
2024-01-01 11:13:00,514,986.3322513090759,1
2024-01-01 11:14:00,465,1013.4167029730996,1
2024-01-01 11:15:00,490,967.0946025586297,1
2024-01-01 11:16:00,496,943.2507964702286,1
2024-01-01 11:17:00,519,1042.140445432014,1
2024-01-01 11:18:00,503,1073.2860818093068,1
2024-01-01 11:19:00,521,1081.8030364075967,1
2024-01-01 11:20:00,499,889.8096135415889,1
2024-01-01 11:21:00,470,1015.3996707833898,1
2024-01-01 11:22:00,508,997.2823759950949,1
2024-01-01 11:23:00,503,997.846410755212,1
2024-01-01 11:24:00,500,967.2480596516616,1
2024-01-01 11:25:00,495,995.6561740014091,1
2024-01-01 11:26:00,506,946.3027813773748,1
2024-01-01 11:27:00,495,938.7539238390538,1
2024-01-01 11:28:00,526,1128.4106691199029,1
2024-01-01 11:29:00,518,1097.9575149928273,1
2024-01-01 11:30:00,515,1006.1829775060086,1
2024-01-01 11:31:00,513,1058.6446635631273,1
2024-01-01 11:32:00,515,977.841826684824,1
2024-01-01 11:33:00,510,922.2445965623137,1
2024-01-01 11:34:00,475,1087.2855266303905,1
2024-01-01 11:35:00,522,1029.411354797599,1
2024-01-01 11:36:00,453,1005.6147246814711,1
2024-01-01 11:37:00,485,1003.1028965417825,1
2024-01-01 11:38:00,520,1011.0639500208102,1
2024-01-01 11:39:00,505,951.5904904948165,1
2024-01-01 11:40:00,493,989.3352566856411,1
2024-01-01 11:41:00,473,879.9488680570662,1
2024-01-01 11:42:00,519,1073.7555590701236,1
2024-01-01 11:43:00,474,981.6684994960723,1
2024-01-01 11:44:00,493,1048.4437083631744,1
2024-01-01 11:45:00,520,1008.3157849307756,1
2024-01-01 11:46:00,513,1006.1843155324647,1
2024-01-01 11:47:00,519,951.3119195476241,1
2024-01-01 11:48:00,504,915.3745140872309,1
2024-01-01 11:49:00,487,1119.1660992343536,1
2024-01-01 11:50:00,523,868.6246868341507,1
2024-01-01 11:51:00,468,1069.4880472127957,1
2024-01-01 11:52:00,481,983.905940834917,1
2024-01-01 11:53:00,528,1016.8218870790429,1
2024-01-01 11:54:00,489,1048.789474827219,1
2024-01-01 11:55:00,489,925.088499547247,1
2024-01-01 11:56:00,484,1050.8266629311602,1
2024-01-01 11:57:00,483,1025.1100317707874,1
2024-01-01 11:58:00,477,1019.6339594848675,1
2024-01-01 11:59:00,471,969.0420002330013,1
2024-01-01 12:00:00,519,967.606901257598,1
2024-01-01 12:01:00,491,1049.7657803112322,1
2024-01-01 12:02:00,496,999.2791785890365,1
2024-01-01 12:03:00,508,978.5530139208635,1
2024-01-01 12:04:00,459,1063.0087598431887,1
2024-01-01 12:05:00,473,966.7174446538119,1
2024-01-01 12:06:00,450,1002.4763364302323,1
2024-01-01 12:07:00,497,1004.6775241004356,1
2024-01-01 12:08:00,533,985.7071099578135,1
2024-01-01 12:09:00,500,1029.1732123186327,1
2024-01-01 12:10:00,529,1001.6776905281217,1
2024-01-01 12:11:00,481,992.4733006927129,1
2024-01-01 12:12:00,504,987.236150457796,1
2024-01-01 12:13:00,470,1014.2132563143442,1
2024-01-01 12:14:00,483,975.7389538002788,1
2024-01-01 12:15:00,519,979.3252492484438,1
2024-01-01 12:16:00,506,927.3471117768756,1
2024-01-01 12:17:00,507,925.6195743102231,1
2024-01-01 12:18:00,490,916.4862745196201,1
2024-01-01 12:19:00,496,1081.4440191298227,1
2024-01-01 12:20:00,515,931.6610813944259,1
2024-01-01 12:21:00,493,925.4390894555045,1
2024-01-01 12:22:00,531,960.9305674468785,1
2024-01-01 12:23:00,461,1018.5634675555696,1
2024-01-01 12:24:00,509,954.6444463174322,1
2024-01-01 12:25:00,513,1000.9746461713321,1
2024-01-01 12:26:00,535,1013.5088225048521,1
2024-01-01 12:27:00,514,1032.5297623268937,1
2024-01-01 12:28:00,502,1000.0638029725575,1
2024-01-01 12:29:00,507,935.3179707587171,1
2024-01-01 12:30:00,474,988.1396668083803,1
2024-01-01 12:31:00,476,990.1786068772623,1
2024-01-01 12:32:00,502,1010.4143134578181,1
2024-01-01 12:33:00,505,1098.4542561225694,1
2024-01-01 12:34:00,519,954.9834344120843,1
2024-01-01 12:35:00,505,1006.6534905127248,1
2024-01-01 12:36:00,496,951.2022815224844,1
2024-01-01 12:37:00,552,987.2890028110202,1
2024-01-01 12:38:00,472,1011.1874842080216,1
2024-01-01 12:39:00,505,978.2313730809267,1
2024-01-01 12:40:00,498,1000.3021926558134,1
2024-01-01 12:41:00,509,1029.6268261626005,1
2024-01-01 12:42:00,482,1029.4470392759583,1
2024-01-01 12:43:00,533,954.7518176788416,1
2024-01-01 12:44:00,507,949.2075073871777,1
2024-01-01 12:45:00,475,989.7936915760841,1
2024-01-01 12:46:00,476,1009.0326349014929,1
2024-01-01 12:47:00,506,1000.5748210196717,1
2024-01-01 12:48:00,499,992.4549189328416,1
2024-01-01 12:49:00,500,1004.5267332192994,1
2024-01-01 12:50:00,544,1000.1162387972706,1
2024-01-01 12:51:00,498,998.6938383181678,1
2024-01-01 12:52:00,489,1027.3002800745587,1
2024-01-01 12:53:00,515,991.8176008324275,1
2024-01-01 12:54:00,497,920.5850804885545,1
2024-01-01 12:55:00,464,978.8284386560902,1
2024-01-01 12:56:00,500,1018.0386001930486,1
2024-01-01 12:57:00,476,1030.0155344260747,1
2024-01-01 12:58:00,518,1001.4935582962678,1
2024-01-01 12:59:00,486,980.679311157775,1
2024-01-01 13:00:00,461,1026.4385801388569,1
2024-01-01 13:01:00,484,1043.1488383824262,1
2024-01-01 13:02:00,503,932.0432625028179,1
2024-01-01 13:03:00,466,950.0837777329967,1
2024-01-01 13:04:00,485,988.9563007485798,1
2024-01-01 13:05:00,500,963.8454493054334,1
2024-01-01 13:06:00,478,980.1636168226273,1
2024-01-01 13:07:00,523,925.185097734296,1
2024-01-01 13:08:00,454,1005.0934791148193,1
2024-01-01 13:09:00,496,1081.7750961307518,1
2024-01-01 13:10:00,502,973.358695437472,1
2024-01-01 13:11:00,546,1006.7227361118679,1
2024-01-01 13:12:00,511,967.4230779960556,1
2024-01-01 13:13:00,496,1006.1842919761284,1
2024-01-01 13:14:00,506,976.0513378469655,1
2024-01-01 13:15:00,506,1044.3480475338906,1
2024-01-01 13:16:00,469,944.2318549637811,1
2024-01-01 13:17:00,516,973.5871931116428,1
2024-01-01 13:18:00,553,1067.446682551207,1
2024-01-01 13:19:00,494,1037.2138412736078,1
2024-01-01 13:20:00,515,1032.099802011437,1
2024-01-01 13:21:00,543,989.3437654072688,1
2024-01-01 13:22:00,526,1037.3169877110877,1
2024-01-01 13:23:00,528,935.3545100649836,1
2024-01-01 13:24:00,480,1074.9834588176693,1
2024-01-01 13:25:00,493,998.6050622821338,1
2024-01-01 13:26:00,492,1054.5853000390675,1
2024-01-01 13:27:00,552,1064.5548461954095,1
2024-01-01 13:28:00,529,988.1176254322248,1
2024-01-01 13:29:00,498,977.4248632027618,1
2024-01-01 13:30:00,504,963.2318657057897,1
2024-01-01 13:31:00,486,946.7684003499104,1
2024-01-01 13:32:00,495,1026.551549340015,1
2024-01-01 13:33:00,479,1021.0803427543227,1
2024-01-01 13:34:00,464,1004.1009433451846,1
2024-01-01 13:35:00,508,944.4277663143348,1
2024-01-01 13:36:00,489,1092.7668030886502,1
2024-01-01 13:37:00,498,888.5541903197466,1
2024-01-01 13:38:00,528,970.0661665279201,1
2024-01-01 13:39:00,523,945.1855378280732,1
2024-01-01 13:40:00,533,927.61907218092,1
2024-01-01 13:41:00,512,1027.511458643775,1
2024-01-01 13:42:00,529,1039.6405037101083,1
2024-01-01 13:43:00,477,1023.2493217057697,1
2024-01-01 13:44:00,520,956.541467583712,1
2024-01-01 13:45:00,515,957.334694831071,1
2024-01-01 13:46:00,483,984.2719493667752,1
2024-01-01 13:47:00,532,1047.8719014483038,1
2024-01-01 13:48:00,508,1023.9698644552724,1
2024-01-01 13:49:00,545,981.9921415340243,1
2024-01-01 13:50:00,484,961.0530085544692,1
2024-01-01 13:51:00,492,957.5530951273312,1
2024-01-01 13:52:00,495,1036.6462085744388,1
2024-01-01 13:53:00,476,1017.5029084875134,1
2024-01-01 13:54:00,483,1011.5983516245506,1
2024-01-01 13:55:00,490,1072.626460342657,1
2024-01-01 13:56:00,501,1027.2632489735556,1
2024-01-01 13:57:00,507,1061.0359237792418,1
2024-01-01 13:58:00,503,1042.900475129301,1
2024-01-01 13:59:00,531,955.7192764991108,1
2024-01-01 14:00:00,528,1013.1707370432449,1
2024-01-01 14:01:00,517,946.1027380137726,1
2024-01-01 14:02:00,550,982.0851782202855,1
2024-01-01 14:03:00,500,1037.1543113160906,1
2024-01-01 14:04:00,472,1021.9257906107226,1
2024-01-01 14:05:00,476,961.4552763965702,1
2024-01-01 14:06:00,533,914.4976784801398,1
2024-01-01 14:07:00,498,980.2809610350515,1
2024-01-01 14:08:00,470,1023.5716685235102,1
2024-01-01 14:09:00,500,977.9702456880894,1
2024-01-01 14:10:00,471,1023.2587307137717,1
2024-01-01 14:11:00,513,949.3135070908123,1
2024-01-01 14:12:00,508,963.0698474565926,1
2024-01-01 14:13:00,466,1070.4444429370099,1
2024-01-01 14:14:00,459,1015.3329259868623,1
2024-01-01 14:15:00,471,992.3254817599784,1
2024-01-01 14:16:00,512,991.5135635172526,1
2024-01-01 14:17:00,512,910.1164328544402,1
2024-01-01 14:18:00,483,1025.9586285738037,1
2024-01-01 14:19:00,513,975.2311706489292,1
2024-01-01 14:20:00,484,1035.927448681291,1
2024-01-01 14:21:00,494,964.0172988051335,1
2024-01-01 14:22:00,448,955.5719263769422,1
2024-01-01 14:23:00,482,1070.4826325025838,1
2024-01-01 14:24:00,486,1068.0160332106593,1
2024-01-01 14:25:00,507,965.8404762616839,1
2024-01-01 14:26:00,540,998.6947589000558,1
2024-01-01 14:27:00,497,966.5094506023365,1
2024-01-01 14:28:00,503,1049.940583038686,1
2024-01-01 14:29:00,508,937.3515732001036,1
2024-01-01 14:30:00,524,992.2894327219506,1
2024-01-01 14:31:00,523,1026.7109315877285,1
2024-01-01 14:32:00,523,1002.5847551844038,1
2024-01-01 14:33:00,498,1018.571506277863,1
2024-01-01 14:34:00,486,1018.0803478550899,1
2024-01-01 14:35:00,534,976.4794760572837,1
2024-01-01 14:36:00,532,1081.9066138321796,1
2024-01-01 14:37:00,503,920.7831454783861,1
2024-01-01 14:38:00,516,1008.2429578199077,1
2024-01-01 14:39:00,508,978.1594970677305,1
2024-01-01 14:40:00,519,979.3368287632201,1
2024-01-01 14:41:00,482,988.9789694106032,1
2024-01-01 14:42:00,525,1039.5007289517623,1
2024-01-01 14:43:00,489,972.9407576137115,1
2024-01-01 14:44:00,495,949.1338621329901,1
2024-01-01 14:45:00,491,998.3938635320269,1
2024-01-01 14:46:00,487,975.3308266763916,1
2024-01-01 14:47:00,495,977.0820430933217,1
2024-01-01 14:48:00,471,1125.6792720141493,1
2024-01-01 14:49:00,527,986.6979122138683,1
2024-01-01 14:50:00,519,915.5792646443294,1
2024-01-01 14:51:00,512,1005.5014015804588,1
2024-01-01 14:52:00,520,970.722469687187,1
2024-01-01 14:53:00,529,1042.6466300956101,1
2024-01-01 14:54:00,507,958.0426413797671,1
2024-01-01 14:55:00,503,946.5637760499391,1
2024-01-01 14:56:00,486,1002.9003833145986,1
2024-01-01 14:57:00,479,1025.294308528923,1
2024-01-01 14:58:00,481,1023.3142577416978,1
2024-01-01 14:59:00,480,932.5336700892549,1
2024-01-01 15:00:00,495,1015.0965043978991,1
2024-01-01 15:01:00,530,1015.254584156694,1
2024-01-01 15:02:00,490,973.1238246216252,1
2024-01-01 15:03:00,503,883.8953891092235,1
2024-01-01 15:04:00,486,1057.801662930201,1
2024-01-01 15:05:00,477,1106.12508093419,1
2024-01-01 15:06:00,529,906.533519493513,1
2024-01-01 15:07:00,522,936.6658946625553,1
2024-01-01 15:08:00,499,944.2810454598364,1
2024-01-01 15:09:00,493,1074.9060640431953,1
2024-01-01 15:10:00,486,909.634449298516,1
2024-01-01 15:11:00,524,1053.4188270020209,1
2024-01-01 15:12:00,516,1000.4265651478088,1
2024-01-01 15:13:00,493,1064.7188970784289,1
2024-01-01 15:14:00,554,956.3032618763817,1
2024-01-01 15:15:00,526,901.2172943667596,1
2024-01-01 15:16:00,512,1001.7167701956738,1
2024-01-01 15:17:00,480,1055.9555382384578,1
2024-01-01 15:18:00,479,918.6326749789879,1
2024-01-01 15:19:00,516,1059.173231232354,1
2024-01-01 15:20:00,526,919.181818234485,1
2024-01-01 15:21:00,487,949.9288420752572,1
2024-01-01 15:22:00,479,1007.8754902831928,1
2024-01-01 15:23:00,478,934.3876183250708,1
2024-01-01 15:24:00,517,1037.9983541790739,1
2024-01-01 15:25:00,485,932.9287488042622,1
2024-01-01 15:26:00,533,933.4468158610098,1
2024-01-01 15:27:00,446,1002.883710160874,1
2024-01-01 15:28:00,526,994.392918406761,1
2024-01-01 15:29:00,511,995.7825074998702,1
2024-01-01 15:30:00,544,876.5312324187692,1
2024-01-01 15:31:00,497,1024.1652103130225,1
2024-01-01 15:32:00,517,1062.7317280725463,1
2024-01-01 15:33:00,530,988.2449536390207,1
2024-01-01 15:34:00,509,1054.8892385332767,1
2024-01-01 15:35:00,496,1010.4858827168616,1
2024-01-01 15:36:00,508,1007.7052525184356,1
2024-01-01 15:37:00,475,1011.5447527331903,1
2024-01-01 15:38:00,506,1034.1333736978952,1
2024-01-01 15:39:00,500,971.0049229046429,1
2024-01-01 15:40:00,506,1056.8926555657652,1
2024-01-01 15:41:00,540,1010.273556061937,1
2024-01-01 15:42:00,463,1041.442092982226,1
2024-01-01 15:43:00,505,1083.2230565413338,1
2024-01-01 15:44:00,502,922.4735431426507,1
2024-01-01 15:45:00,478,1033.2780361373,1
2024-01-01 15:46:00,533,946.6675281870935,1
2024-01-01 15:47:00,515,908.9668380994137,1
2024-01-01 15:48:00,556,964.1367093756777,1
2024-01-01 15:49:00,487,939.3489973857629,1
2024-01-01 15:50:00,539,1056.1750061357304,1
2024-01-01 15:51:00,500,1069.3830026764288,1
2024-01-01 15:52:00,532,1124.7868841332775,1
2024-01-01 15:53:00,495,1057.2786059439475,1
2024-01-01 15:54:00,490,1018.7376663952145,1
2024-01-01 15:55:00,499,963.8312562596088,1
2024-01-01 15:56:00,499,926.2137288493773,1
2024-01-01 15:57:00,498,1032.5618734876148,1
2024-01-01 15:58:00,505,976.4899233076562,1
2024-01-01 15:59:00,482,1037.6094481457096,1
2024-01-01 16:00:00,521,1028.4548535698423,1
2024-01-01 16:01:00,469,1038.2882779796166,1
2024-01-01 16:02:00,506,1065.0238369040896,1
2024-01-01 16:03:00,513,933.787196456132,1
2024-01-01 16:04:00,487,993.1335640431478,1
2024-01-01 16:05:00,494,1000.2705469043028,1
2024-01-01 16:06:00,524,968.4951246317975,1
2024-01-01 16:07:00,478,1016.1381652663583,1
2024-01-01 16:08:00,541,993.350149479752,1
2024-01-01 16:09:00,459,1061.5251071616356,1
2024-01-01 16:10:00,521,955.3791130793769,1
2024-01-01 16:11:00,500,961.1325379746139,1
2024-01-01 16:12:00,456,925.2996454065894,1
2024-01-01 16:13:00,496,1017.529895547209,1
2024-01-01 16:14:00,500,982.6603599221582,1
2024-01-01 16:15:00,477,1003.0629308588442,1
2024-01-01 16:16:00,462,956.269605898706,1
2024-01-01 16:17:00,495,1076.390101014615,1
2024-01-01 16:18:00,534,1086.1099979324633,1
2024-01-01 16:19:00,482,1093.1703578730808,1
2024-01-01 16:20:00,495,1053.131857126679,1
2024-01-01 16:21:00,468,1060.6035385858695,1
2024-01-01 16:22:00,507,997.4021686546706,1
2024-01-01 16:23:00,507,992.0163115251354,1
2024-01-01 16:24:00,489,1035.7482505094,1
2024-01-01 16:25:00,516,1000.8598138132315,1
2024-01-01 16:26:00,491,1089.9953188197503,1
2024-01-01 16:27:00,516,958.0821131224518,1
2024-01-01 16:28:00,483,1017.1689091223899,1
2024-01-01 16:29:00,491,1018.0129716255666,1
2024-01-01 16:30:00,502,1000.3007772523388,1
2024-01-01 16:31:00,516,994.8534428113188,1
2024-01-01 16:32:00,506,1051.045233659157,1
2024-01-01 16:33:00,533,1027.2967206214144,1
2024-01-01 16:34:00,504,975.524618783534,1
2024-01-01 16:35:00,494,960.7029871910566,1
2024-01-01 16:36:00,517,1011.3733778794613,1
2024-01-01 16:37:00,481,1065.5771176927228,1
2024-01-01 16:38:00,447,958.3729929894046,1
2024-01-01 16:39:00,513,960.9140602257822,1
